sample_id,scene_id,sample_key,n_valid_mics,reference_scale_invariant_signal_noise_ratio_i,reference_signal_noise_ratio_i,pesq_nb,stoi,delta_IPD_mean,delta_ITD_gccphat_mean,delta_ILD_mean
000000,000000,3_var_match/000000,3,10.51730728149414,10.69644832611084,3.669956922531128,0.9620394106380931,0.6292991042137146,0.0,0.23329417407512665
000001,000001,3_var_match/000001,4,17.316038131713867,17.617965698242188,3.775386333465576,0.9506311628972474,0.5239772796630859,0.0,0.1463773250579834
000002,000002,3_var_match/000002,4,13.373132705688477,13.992091178894043,3.301715135574341,0.9090498711549759,0.5977024435997009,0.0,0.03503303974866867
000003,000003,3_var_match/000003,8,16.140727996826172,16.334217071533203,3.5543487071990967,0.9585532852208157,0.5763105154037476,8.928573608398438,0.18550057709217072
000004,000004,3_var_match/000004,8,17.141094207763672,17.437288284301758,3.5464303493499756,0.9362935561549548,0.6612370610237122,8.928572654724121,0.11984673142433167
000005,000005,3_var_match/000005,4,20.148229598999023,20.128257751464844,3.8479764461517334,0.9727734977179057,0.5149279236793518,0.0,0.10407149791717529
000006,000006,3_var_match/000006,5,15.750961303710938,16.757808685302734,3.0456576347351074,0.8097081586610283,0.7028791308403015,0.0,0.1181315928697586
000007,000007,3_var_match/000007,2,12.699947357177734,13.153667449951172,3.1865453720092773,0.7278780102304772,0.9846935272216797,0.0,0.2692897319793701
000008,000008,3_var_match/000008,8,14.892348289489746,14.984808921813965,3.49530029296875,0.9474018100587955,0.7254306674003601,17.857145309448242,0.20705609023571014
000009,000009,3_var_match/000009,6,13.735513687133789,14.59055233001709,3.1088619232177734,0.8791005620248492,0.5229072570800781,0.0,0.08925839513540268
000010,000010,3_var_match/000010,5,11.427846908569336,13.119049072265625,2.203153610229492,0.8872287124650426,0.5093623399734497,0.0,0.02905266545712948
000011,000011,3_var_match/000011,4,15.140819549560547,15.449235916137695,2.8718743324279785,0.7553396044334257,0.8200933337211609,0.0,0.13027241826057434
000012,000012,3_var_match/000012,3,13.723793029785156,14.100471496582031,2.911142110824585,0.7702473084684609,0.7466295957565308,0.0,0.11866699159145355
000013,000013,3_var_match/000013,5,20.10335922241211,20.074073791503906,3.0887162685394287,0.9168226977794026,0.5767780542373657,0.0,0.19175873696804047
000014,000014,3_var_match/000014,6,11.063283920288086,11.626460075378418,3.0442256927490234,0.8858074903394646,0.6836718320846558,0.0,0.0569831058382988
000015,000015,3_var_match/000015,7,-19.23801040649414,0.802638053894043,1.3381694555282593,-0.09850627570474041,1.2924548387527466,89.28571319580078,0.4522121548652649
000016,000016,3_var_match/000016,5,14.198860168457031,14.968055725097656,2.806833267211914,0.9158102586827828,0.6024837493896484,0.0,0.11979581415653229
000017,000017,3_var_match/000017,3,18.59219741821289,19.164154052734375,3.064100742340088,0.9478822048587834,0.7791918516159058,0.0,0.10211273282766342
000018,000018,3_var_match/000018,3,10.82353687286377,11.248513221740723,3.3570542335510254,0.7792705916092191,0.8026838302612305,0.0,0.11454319208860397
000019,000019,3_var_match/000019,7,12.460526466369629,12.680988311767578,3.0730319023132324,0.8319795315302975,0.7386721968650818,0.0,0.3408980667591095
000020,000020,3_var_match/000020,6,15.238531112670898,15.221871376037598,3.791766405105591,0.9506921375234165,0.6587187647819519,0.0,0.0825541540980339
000021,000021,3_var_match/000021,8,10.178460121154785,10.115110397338867,3.6616029739379883,0.9366866020935234,0.8397690057754517,22.321430206298828,0.40476343035697937
000022,000022,3_var_match/000022,2,3.1148698329925537,6.732234477996826,1.9729104042053223,0.655081314675549,0.8561287522315979,0.0,0.05831412225961685
000023,000023,3_var_match/000023,4,8.713190078735352,9.189716339111328,2.7666568756103516,0.8675189233297962,0.7637643814086914,41.66666793823242,0.07791400700807571
000024,000024,3_var_match/000024,8,14.947002410888672,15.11355972290039,3.1963014602661133,0.8535202888008508,0.8874562382698059,62.5000114440918,0.2500836253166199
000025,000025,3_var_match/000025,7,15.858409881591797,15.943671226501465,3.742933988571167,0.9596462293263964,0.6307452917098999,0.0,0.12767265737056732
000026,000026,3_var_match/000026,7,14.653633117675781,14.84358024597168,3.1522984504699707,0.7425101948247297,0.4060394763946533,0.0,0.1035631075501442
000027,000027,3_var_match/000027,6,12.850692749023438,13.40051555633545,3.456042528152466,0.9173221525550913,0.5268366932868958,8.333333969116211,0.1495938003063202
000028,000028,3_var_match/000028,4,14.603039741516113,15.089557647705078,3.213205099105835,0.8982825850947365,0.5512952208518982,20.833335876464844,0.0757317915558815
000029,000029,3_var_match/000029,4,15.688758850097656,16.094024658203125,3.2089602947235107,0.9101184748102662,0.9100511074066162,0.0,0.10086137056350708
000030,000030,3_var_match/000030,3,14.653846740722656,15.78818130493164,3.3372132778167725,0.8495946948052986,0.4694179892539978,0.0,0.1053086370229721
000031,000031,3_var_match/000031,2,4.036911964416504,6.422075271606445,1.5866048336029053,0.5760181691562424,0.6636815667152405,0.0,0.03014007769525051
000032,000032,3_var_match/000032,4,13.247276306152344,14.190027236938477,2.7525081634521484,0.8769079268247539,0.5606938600540161,0.0,0.033323463052511215
000033,000033,3_var_match/000033,8,8.677213668823242,9.14675235748291,3.3775830268859863,0.8586565256195547,0.5527229309082031,0.0,0.0833764374256134
000034,000034,3_var_match/000034,3,20.35637664794922,20.456363677978516,3.800405979156494,0.9559260121680234,0.5049685835838318,0.0,0.14309769868850708
000035,000035,3_var_match/000035,7,19.074472427368164,19.007122039794922,3.8845088481903076,0.958761470069567,0.3779880404472351,0.0,0.05253046005964279
000036,000036,3_var_match/000036,7,14.254781723022461,14.457601547241211,3.3519299030303955,0.9156291837180064,0.737019956111908,0.0,0.037972718477249146
000037,000037,3_var_match/000037,7,12.012858390808105,12.354781150817871,2.957282304763794,0.8573256204310414,0.6532792448997498,5.952381610870361,0.09690150618553162
000038,000038,3_var_match/000038,3,15.428829193115234,15.765685081481934,3.7416388988494873,0.9135763050251817,0.6650112867355347,0.0,0.03379615396261215
000039,000039,3_var_match/000039,4,15.553750038146973,15.622614860534668,3.729158639907837,0.951523111159045,0.5821436047554016,20.833335876464844,0.10339032113552094
000040,000040,3_var_match/000040,6,16.621992111206055,16.724590301513672,2.852917432785034,0.926407477607456,0.4245527982711792,8.333333969116211,0.041670963168144226
000041,000041,3_var_match/000041,4,18.390012741088867,18.70020866394043,3.5766501426696777,0.9519048138185476,0.6539195775985718,0.0,0.055579692125320435
000042,000042,3_var_match/000042,3,11.388205528259277,11.824617385864258,3.136261224746704,0.8392167172323632,0.7238479852676392,41.66667175292969,0.1991325318813324
000043,000043,3_var_match/000043,6,14.949642181396484,15.154731750488281,2.8426411151885986,0.8632364731212904,0.8521518111228943,125.00000762939453,0.10410542786121368
000044,000044,3_var_match/000044,8,14.685022354125977,15.084775924682617,2.8775014877319336,0.8202009514841586,0.7767599821090698,13.392858505249023,0.10839573293924332
000045,000045,3_var_match/000045,6,16.992687225341797,16.805545806884766,3.5677847862243652,0.9528756716792828,0.5268977284431458,16.666667938232422,0.09836148470640182
000046,000046,3_var_match/000046,2,14.752909660339355,15.12408447265625,3.5968878269195557,0.8950323499737434,0.6486815214157104,0.0,0.006448410451412201
000047,000047,3_var_match/000047,6,11.019723892211914,12.000024795532227,2.677377223968506,0.8976443280812609,0.692355751991272,0.0,0.1909061074256897
000048,000048,3_var_match/000048,2,-0.29431581497192383,5.442529201507568,1.2864553928375244,0.2897114787019957,0.9550679922103882,0.0,0.457341730594635
000049,000049,3_var_match/000049,8,14.570646286010742,14.29883861541748,3.405784845352173,0.9475734010048106,0.617088794708252,0.0,0.24456998705863953
000050,000050,3_var_match/000050,7,10.646912574768066,11.818199157714844,2.763594627380371,0.7622788585964326,0.6357743144035339,11.904763221740723,0.11443106830120087
000051,000051,3_var_match/000051,8,17.906003952026367,17.919431686401367,3.716426372528076,0.9792415790930615,0.4823915958404541,4.4642863273620605,0.10815063863992691
000052,000052,3_var_match/000052,2,16.05596923828125,16.401748657226562,3.0487635135650635,0.9232517485851942,0.3820659816265106,0.0,0.0020949486643075943
000053,000053,3_var_match/000053,6,13.403276443481445,13.668778419494629,2.7981834411621094,0.880092787442267,0.7446791529655457,8.333333969116211,0.21042457222938538
000054,000054,3_var_match/000054,4,13.548460006713867,13.77265453338623,3.3943982124328613,0.9421983309899871,0.6610538363456726,0.0,0.11855059862136841
000055,000055,3_var_match/000055,7,16.179458618164062,16.194034576416016,3.4077248573303223,0.9340996265117394,0.6859124898910522,0.0,0.08712858706712723
000056,000056,3_var_match/000056,8,11.994291305541992,12.618073463439941,3.5426812171936035,0.9058812499108926,0.5641918182373047,4.4642863273620605,0.07562050223350525
000057,000057,3_var_match/000057,6,13.94708251953125,14.41506290435791,3.3728766441345215,0.8552054225955276,0.6109398007392883,0.0,0.05987309291958809
000058,000058,3_var_match/000058,3,8.35385513305664,9.844999313354492,2.225144386291504,0.6099728092831206,0.6178383827209473,0.0,0.0817890614271164
000059,000059,3_var_match/000059,5,16.48891830444336,16.761768341064453,3.5457799434661865,0.9266779301046539,0.48039937019348145,0.0,0.12408671528100967
000060,000060,3_var_match/000060,3,10.049612998962402,10.299872398376465,3.480944871902466,0.8915684000977717,0.7261587381362915,41.66667175292969,0.05272401496767998
000061,000061,3_var_match/000061,2,13.829299926757812,13.959996223449707,3.5892527103424072,0.9473983374820815,0.24943730235099792,0.0,0.13407796621322632
000062,000062,3_var_match/000062,4,13.437349319458008,13.750268936157227,3.2867212295532227,0.896412021536038,0.7323693037033081,20.833335876464844,0.05374441295862198
000063,000063,3_var_match/000063,5,11.854558944702148,11.973554611206055,3.2727324962615967,0.8969477481716253,0.7651756405830383,0.0,0.3030332028865814
000064,000064,3_var_match/000064,7,12.47201919555664,12.854511260986328,3.2106337547302246,0.9160778029252336,0.7133926153182983,11.904762268066406,0.19830413162708282
000065,000065,3_var_match/000065,4,9.87045669555664,11.107942581176758,3.0162906646728516,0.8325994111737626,0.509461522102356,0.0,0.08838807791471481
000066,000066,3_var_match/000066,5,13.383852005004883,13.390082359313965,3.3683230876922607,0.8594211515509187,0.7576267123222351,37.500003814697266,0.273790180683136
000067,000067,3_var_match/000067,5,14.036529541015625,14.4735107421875,3.8053572177886963,0.8983549059732344,0.5717493891716003,0.0,0.1675400584936142
000068,000068,3_var_match/000068,8,15.120079040527344,15.670574188232422,2.965599298477173,0.8981451545183863,0.7353578805923462,4.4642863273620605,0.061117760837078094
000069,000069,3_var_match/000069,7,13.858166694641113,14.140617370605469,3.5069406032562256,0.7532309471877532,0.7544817328453064,0.0,0.12459645420312881
000070,000070,3_var_match/000070,7,16.709569931030273,16.83927345275879,3.3434135913848877,0.9467600790426804,0.6983797550201416,5.952380180358887,0.09057321399450302
000071,000071,3_var_match/000071,4,18.859657287597656,18.923931121826172,3.267256498336792,0.9145370761348022,0.9410912394523621,0.0,0.06046215817332268
000072,000072,3_var_match/000072,8,18.96124839782715,18.713376998901367,4.026794910430908,0.9713275095760528,0.5264207720756531,0.0,0.07211481034755707
000073,000073,3_var_match/000073,2,6.481222629547119,6.046204566955566,2.560511589050293,0.7914713757770551,0.5250900983810425,0.0,0.01005050539970398
000074,000074,3_var_match/000074,5,14.387866973876953,14.712960243225098,3.8032102584838867,0.9265252197238658,0.5287941098213196,12.500000953674316,0.18169985711574554
000075,000075,3_var_match/000075,4,14.497649192810059,14.737112045288086,3.4477062225341797,0.9009209199628776,0.49897056818008423,0.0,0.043420836329460144
000076,000076,3_var_match/000076,7,12.585667610168457,12.967996597290039,3.4914157390594482,0.9661886748890197,0.8820672631263733,5.952381134033203,0.3383958637714386
000077,000077,3_var_match/000077,3,15.156524658203125,15.795063018798828,3.528822660446167,0.9048650963388872,0.7047271728515625,0.0,0.14780882000923157
000078,000078,3_var_match/000078,7,13.66617202758789,13.651187896728516,3.6866564750671387,0.9649785659547635,0.5099979043006897,5.952381610870361,0.12094948440790176
000079,000079,3_var_match/000079,7,21.91641616821289,21.90586280822754,4.196169853210449,0.9719963447104267,0.4764339029788971,0.0,0.16951903700828552
000080,000080,3_var_match/000080,6,13.988587379455566,14.438386917114258,3.6678059101104736,0.9126651061716956,0.6047258973121643,0.0,0.06672461330890656
000081,000081,3_var_match/000081,6,18.91912841796875,19.050018310546875,3.5780820846557617,0.9454743397619123,0.5801178216934204,0.0,0.19620956480503082
000082,000082,3_var_match/000082,6,13.503819465637207,13.682876586914062,3.5381927490234375,0.8265171994362934,0.4572439193725586,0.0,0.06964991986751556
000083,000083,3_var_match/000083,3,15.04153823852539,15.374956130981445,3.017040252685547,0.8150188927723105,0.7791215777397156,41.66667175292969,0.036312080919742584
000084,000084,3_var_match/000084,7,13.93402099609375,13.885991096496582,3.293217420578003,0.9391602602480322,0.7529327273368835,5.952381610870361,0.23989126086235046
000085,000085,3_var_match/000085,4,17.795616149902344,18.177640914916992,3.259728193283081,0.9145764300322544,0.659311830997467,0.0,0.1239141970872879
000086,000086,3_var_match/000086,6,18.842994689941406,18.903528213500977,3.399736166000366,0.9159444996863307,0.3789076507091522,0.0,0.05347396805882454
000087,000087,3_var_match/000087,3,11.314305305480957,11.57204818725586,3.462337017059326,0.903662048839012,0.6078077554702759,0.0,0.06133480370044708
000088,000088,3_var_match/000088,7,9.236444473266602,10.587102890014648,2.5165634155273438,0.7906720825770014,0.9808179140090942,0.0,0.21160069108009338
000089,000089,3_var_match/000089,7,12.841357231140137,12.910871505737305,3.9053285121917725,0.9421599319710668,0.7511380314826965,5.952381610870361,0.1879873126745224
000090,000090,3_var_match/000090,5,4.2642598152160645,5.176218032836914,3.0008444786071777,0.8153017606292711,0.7890862822532654,12.499994277954102,0.18753567337989807
000091,000091,3_var_match/000091,4,12.489806175231934,12.950146675109863,3.197270393371582,0.9160364395955081,0.5839537382125854,0.0,0.03596971184015274
000092,000092,3_var_match/000092,5,13.483125686645508,14.36505126953125,2.427560329437256,0.8508707225792657,0.7389804720878601,12.499999046325684,0.04257732257246971
000093,000093,3_var_match/000093,4,15.685771942138672,15.999273300170898,3.5247111320495605,0.8746817582181088,0.5366983413696289,0.0,0.05484498292207718
000094,000094,3_var_match/000094,7,13.814798355102539,14.134044647216797,2.9363269805908203,0.7834331066728941,0.9646545052528381,41.66666793823242,0.08640291541814804
000095,000095,3_var_match/000095,5,12.457671165466309,13.005531311035156,3.082658052444458,0.9219030379271739,0.736936092376709,0.0,0.09280594438314438
000096,000096,3_var_match/000096,8,12.406466484069824,13.092305183410645,2.772106170654297,0.7577087811486589,1.121859073638916,22.32143211364746,0.2899091839790344
000097,000097,3_var_match/000097,8,-0.9610433578491211,4.257052421569824,1.5380561351776123,0.5996858237375292,1.1445648670196533,44.64286422729492,0.6901880502700806
000098,000098,3_var_match/000098,4,18.47450828552246,18.841598510742188,3.4150125980377197,0.8879861972600045,0.6144764423370361,0.0,0.12475259602069855
000099,000099,3_var_match/000099,5,11.180583000183105,12.165862083435059,2.857576370239258,0.8898274271021385,0.7592684626579285,25.000001907348633,0.055904269218444824
000100,000100,3_var_match/000100,6,-5.6336188316345215,1.8646035194396973,1.5499264001846313,0.4493385257440185,1.0333621501922607,0.0,0.6697078943252563
000101,000101,3_var_match/000101,4,16.125953674316406,16.417057037353516,3.6868128776550293,0.8970738570151264,0.7972345352172852,0.0,0.17482851445674896
000102,000102,3_var_match/000102,2,16.920143127441406,16.923946380615234,3.517570734024048,0.922628678386034,0.7704041004180908,0.0,0.12048037350177765
000103,000103,3_var_match/000103,7,13.072296142578125,13.545364379882812,3.7775495052337646,0.9533851743764602,0.3751745820045471,0.0,0.06591926515102386
000104,000104,3_var_match/000104,6,13.759772300720215,14.146718978881836,3.4659228324890137,0.923151556644823,0.5048877000808716,0.0,0.05207386240363121
000105,000105,3_var_match/000105,2,13.183197021484375,13.55181884765625,3.4465019702911377,0.9178304122341492,0.5828768014907837,0.0,0.015270683914422989
000106,000106,3_var_match/000106,3,13.459049224853516,14.258040428161621,3.1658377647399902,0.7301158756228155,0.8094550967216492,41.66667175292969,0.08732669055461884
000107,000107,3_var_match/000107,5,15.261913299560547,15.763459205627441,3.4649674892425537,0.8900811622437018,0.4525805413722992,0.0,0.08201803267002106
000108,000108,3_var_match/000108,8,15.722919464111328,16.016611099243164,3.077652931213379,0.8619210809298409,0.7618025541305542,0.0,0.1600543111562729
000109,000109,3_var_match/000109,7,12.837143898010254,13.549408912658691,3.0237791538238525,0.897810756572143,0.7866739630699158,35.714290618896484,0.06783369928598404
000110,000110,3_var_match/000110,5,14.34396743774414,14.643294334411621,3.3240625858306885,0.8999214481425175,0.6690075993537903,0.0,0.3043471872806549
000111,000111,3_var_match/000111,7,12.517878532409668,13.095846176147461,3.200225353240967,0.9205016909318542,0.7960254549980164,47.619049072265625,0.13819856941699982
000112,000112,3_var_match/000112,2,3.9306514263153076,7.434367656707764,1.5413646697998047,0.4895542707734039,0.9066122770309448,0.0,0.27709534764289856
000113,000113,3_var_match/000113,6,17.483694076538086,17.563549041748047,3.671079635620117,0.9312291740970038,0.5585402250289917,0.0,0.4617120325565338
000114,000114,3_var_match/000114,3,10.14896011352539,10.740681648254395,3.098553419113159,0.8543791782606369,0.5493276119232178,0.0,0.144690603017807
000115,000115,3_var_match/000115,2,12.327919006347656,13.212728500366211,3.2718570232391357,0.7580366212266599,0.6718874573707581,0.0,0.04762306064367294
000116,000116,3_var_match/000116,2,14.4786958694458,14.79345417022705,2.7456092834472656,0.7966909221774431,0.9134107232093811,0.0,0.19215138256549835
000117,000117,3_var_match/000117,7,17.295940399169922,17.440847396850586,3.007765531539917,0.9037308060153372,0.7677263617515564,0.0,0.11762522906064987
000118,000118,3_var_match/000118,2,14.557302474975586,14.872947692871094,2.868183135986328,0.8671294787317365,0.7822113633155823,0.0,0.15645727515220642
000119,000119,3_var_match/000119,6,8.828792572021484,10.019891738891602,2.8785014152526855,0.8468190395815811,0.7112813591957092,8.333333969116211,0.20091840624809265
000120,000120,3_var_match/000120,6,-7.364561080932617,4.638978958129883,1.5458004474639893,0.5259413009748166,0.7812640070915222,0.0,0.3693585693836212
000121,000121,3_var_match/000121,7,16.800270080566406,16.972509384155273,3.646286964416504,0.9212632350297549,0.7689914107322693,5.952382564544678,0.07367506623268127
000122,000122,3_var_match/000122,8,17.84868049621582,18.345813751220703,3.2417266368865967,0.8656241179549514,0.7520865201950073,0.0,0.0967768132686615
000123,000123,3_var_match/000123,7,11.813488006591797,12.178399085998535,3.4116063117980957,0.8807015534683547,0.915392279624939,11.904763221740723,0.33897536993026733
000124,000124,3_var_match/000124,2,12.803696632385254,13.721170425415039,3.058120012283325,0.894918949951234,0.7288682460784912,0.0,0.14847896993160248
000125,000125,3_var_match/000125,2,15.570457458496094,15.909139633178711,2.577436685562134,0.803984231231539,0.5374007225036621,0.0,0.11428652703762054
000126,000126,3_var_match/000126,6,12.185151100158691,12.346056938171387,3.2550032138824463,0.7582310451245305,0.503727912902832,8.333333969116211,0.07952240854501724
000127,000127,3_var_match/000127,7,15.658998489379883,15.909615516662598,3.880601406097412,0.9335374735112254,0.42909058928489685,0.0,0.05967903137207031
000128,000128,3_var_match/000128,6,17.10038948059082,17.135528564453125,3.966336250305176,0.973950780590108,0.3937362730503082,0.0,0.07797941565513611
000129,000129,3_var_match/000129,3,7.899931907653809,8.511168479919434,3.234139919281006,0.8133612729762894,0.878943681716919,0.0,0.06870466470718384
000130,000130,3_var_match/000130,8,10.74889850616455,11.321203231811523,3.5337679386138916,0.9320622081575985,0.6462699174880981,0.0,0.2251800298690796
000131,000131,3_var_match/000131,7,18.345399856567383,18.626163482666016,3.286301851272583,0.9557705540523918,0.784685492515564,0.0,0.11146772652864456
000132,000132,3_var_match/000132,7,11.823799133300781,12.789653778076172,3.1497998237609863,0.8116943464508091,0.9814551472663879,11.904763221740723,0.2829427719116211
000133,000133,3_var_match/000133,5,8.774580001831055,9.53902816772461,3.074428081512451,0.8779752517195666,0.7088834643363953,0.0,0.10588862746953964
000134,000134,3_var_match/000134,4,16.295455932617188,16.3182373046875,3.6873257160186768,0.8785212737475206,0.6810877323150635,0.0,0.058345090597867966
000135,000135,3_var_match/000135,8,9.79586410522461,10.274182319641113,3.7462902069091797,0.9398931299417157,0.7274994254112244,13.392858505249023,0.4690342843532562
000136,000136,3_var_match/000136,3,8.9932861328125,9.981956481933594,1.8390363454818726,0.6803391960797655,0.787463903427124,0.0,0.20950858294963837
000137,000137,3_var_match/000137,5,16.107065200805664,16.609874725341797,3.272355794906616,0.9318656549977825,0.6943818926811218,25.000001907348633,0.17589740455150604
000138,000138,3_var_match/000138,8,12.433616638183594,12.789409637451172,3.3616738319396973,0.9341516781543059,0.8186920881271362,0.0,0.08009970188140869
000139,000139,3_var_match/000139,2,12.290775299072266,12.807535171508789,3.0542337894439697,0.9070748445572016,0.8421220183372498,0.0,0.15956470370292664
000140,000140,3_var_match/000140,4,11.113128662109375,11.473459243774414,3.367009401321411,0.9548754826096457,0.48199743032455444,0.0,0.009825347922742367
000141,000141,3_var_match/000141,6,12.429935455322266,12.248492240905762,3.618309736251831,0.8726245372788234,0.601124107837677,8.333333969116211,0.39130714535713196
000142,000142,3_var_match/000142,4,10.31049919128418,11.351722717285156,2.271780490875244,0.7800084142349212,0.6077141761779785,0.0,0.1373102217912674
000143,000143,3_var_match/000143,3,16.04004669189453,16.373153686523438,3.107689619064331,0.8103724223712055,0.733199954032898,0.0,0.08037316799163818
000144,000144,3_var_match/000144,2,12.1148681640625,12.558984756469727,2.838284492492676,0.8646276225377426,0.6720368266105652,0.0,0.054685551673173904
000145,000145,3_var_match/000145,5,16.05923843383789,15.971654891967773,3.790004253387451,0.9505213278344326,0.4672459661960602,0.0,0.18796567618846893
000146,000146,3_var_match/000146,7,16.66596031188965,16.940114974975586,3.4764134883880615,0.9441093287085358,0.5667129158973694,0.0,0.09136871248483658
000147,000147,3_var_match/000147,2,8.21544075012207,10.112048149108887,2.449723243713379,0.7428798231913367,0.8326109051704407,0.0,0.1350518763065338
000148,000148,3_var_match/000148,6,11.976527214050293,12.39211368560791,3.6982345581054688,0.9257424586067248,0.8364939093589783,41.66666793823242,0.10619636625051498
000149,000149,3_var_match/000149,8,11.054665565490723,12.429708480834961,2.9078965187072754,0.8776646629597679,0.6461189985275269,13.392858505249023,0.07284172624349594
000150,000150,3_var_match/000150,5,15.045330047607422,15.34085464477539,3.0527923107147217,0.9407141968203625,0.6382665634155273,0.0,0.09547115862369537
000151,000151,3_var_match/000151,7,11.517552375793457,12.286931991577148,3.1074488162994385,0.8700201122718446,0.9365010261535645,47.61905288696289,0.18655623495578766
000152,000152,3_var_match/000152,7,17.37890625,17.718374252319336,3.293532609939575,0.9034172564221631,0.5680408477783203,0.0,0.3334157168865204
000153,000153,3_var_match/000153,4,16.068378448486328,16.401958465576172,3.2572340965270996,0.8302711597797733,0.6160366535186768,0.0,0.09224819391965866
000154,000154,3_var_match/000154,6,12.475963592529297,13.09854507446289,3.6251606941223145,0.9326700567657955,0.6399208307266235,8.333333969116211,0.107669398188591
000155,000155,3_var_match/000155,8,16.835330963134766,17.081941604614258,3.5797476768493652,0.8607497817472171,0.5742038488388062,0.0,0.1556498259305954
000156,000156,3_var_match/000156,6,14.288654327392578,14.6865234375,3.6576077938079834,0.9256472669654427,0.7479414939880371,0.0,0.28651079535484314
000157,000157,3_var_match/000157,6,13.421639442443848,13.810745239257812,3.193094253540039,0.9217315593747181,0.5621297955513,0.0,0.04098855331540108
000158,000158,3_var_match/000158,7,12.512134552001953,12.53345012664795,3.8655128479003906,0.9065506202363114,0.5003093481063843,5.952381610870361,0.22132648527622223
000159,000159,3_var_match/000159,6,13.68242073059082,14.315408706665039,3.306056499481201,0.8093915098639098,0.5547359585762024,8.333333969116211,0.12060417234897614
000160,000160,3_var_match/000160,8,16.828922271728516,17.354036331176758,2.7461466789245605,0.9257093027575507,0.9736994504928589,80.3571548461914,0.13915978372097015
000161,000161,3_var_match/000161,3,14.44271183013916,14.523810386657715,2.1836135387420654,0.8169369940964635,0.712117075920105,0.0,0.09436764568090439
000162,000162,3_var_match/000162,6,17.51615333557129,17.789247512817383,3.4992454051971436,0.9502022602560614,0.544466495513916,0.0,0.29667526483535767
000163,000163,3_var_match/000163,7,11.92055892944336,12.293601036071777,3.7692577838897705,0.9447583651529261,0.813994824886322,0.0,0.0890192911028862
000164,000164,3_var_match/000164,3,10.557774543762207,11.229806900024414,3.1275601387023926,0.8216018153297981,0.6568042039871216,0.0,0.23043453693389893
000165,000165,3_var_match/000165,6,10.333285331726074,10.870935440063477,3.1763224601745605,0.9486451334866272,0.4976488947868347,8.333333969116211,0.172155499458313
000166,000166,3_var_match/000166,7,19.580102920532227,19.690196990966797,3.51904559135437,0.9343345335607495,0.4744172990322113,0.0,0.12311381846666336
000167,000167,3_var_match/000167,3,11.281835556030273,11.99364948272705,3.4254186153411865,0.9066856053415763,0.5218376517295837,0.0,0.08657580614089966
000168,000168,3_var_match/000168,6,6.223784923553467,8.583087921142578,1.6622099876403809,0.6572899917441998,0.887260377407074,0.0,0.30552852153778076
000169,000169,3_var_match/000169,8,13.38673210144043,14.313627243041992,3.151885747909546,0.9213808307470485,0.9044520854949951,102.67857360839844,0.24535053968429565
000170,000170,3_var_match/000170,4,11.693902969360352,12.58447265625,2.6800222396850586,0.8522483268521552,0.9836516380310059,0.0,0.4233090877532959
000171,000171,3_var_match/000171,4,11.294184684753418,11.874608039855957,3.460164785385132,0.9208933114683867,0.7215555906295776,0.0,0.047651976346969604
000172,000172,3_var_match/000172,3,9.742913246154785,10.45058822631836,3.3137824535369873,0.8794800559770287,0.6447896957397461,0.0,0.18638253211975098
000173,000173,3_var_match/000173,7,14.348363876342773,14.812500953674316,3.6599347591400146,0.9652011139357289,0.6781358122825623,5.952382564544678,0.08597859740257263
000174,000174,3_var_match/000174,5,14.426815032958984,14.874652862548828,3.3226370811462402,0.867103977910156,0.6757946014404297,0.0,0.055596351623535156
000175,000175,3_var_match/000175,6,8.865392684936523,9.635496139526367,2.968782424926758,0.6990252511730898,0.6882860064506531,0.0,0.11124217510223389
000176,000176,3_var_match/000176,4,15.013225555419922,15.333398818969727,3.3875954151153564,0.7579540041093598,0.6756505966186523,0.0,0.14091449975967407
000177,000177,3_var_match/000177,4,15.222416877746582,14.736698150634766,3.814608097076416,0.9107390722021057,0.7529357671737671,0.0,0.31686586141586304
000178,000178,3_var_match/000178,5,11.698419570922852,12.39315414428711,2.3127827644348145,0.6528752644104382,0.6991363763809204,12.500000953674316,0.17127850651741028
000179,000179,3_var_match/000179,8,18.77033805847168,18.734214782714844,3.4403064250946045,0.9425067249517544,0.6737688779830933,4.4642863273620605,0.09328468143939972
000180,000180,3_var_match/000180,2,7.67588996887207,9.041372299194336,1.324913740158081,0.5390420639144109,0.7418749332427979,0.0,0.2582966089248657
000181,000181,3_var_match/000181,7,16.251514434814453,16.392484664916992,3.4236350059509277,0.8627689095414302,0.7864857912063599,5.952381610870361,0.06957485526800156
000182,000182,3_var_match/000182,4,11.599222183227539,12.468088150024414,3.4105143547058105,0.9455275737051821,0.5937368869781494,0.0,0.23858162760734558
000183,000183,3_var_match/000183,6,15.8793306350708,16.893526077270508,3.1435492038726807,0.8718568350422716,0.6749911308288574,8.333333969116211,0.34565794467926025
000184,000184,3_var_match/000184,7,14.196404457092285,14.718338012695312,2.3541271686553955,0.7917892436307367,0.8936630487442017,29.761905670166016,0.1328304558992386
000185,000185,3_var_match/000185,3,13.378765106201172,13.76317310333252,2.948965072631836,0.7777895478094587,0.9632150530815125,0.0,0.154896542429924
000186,000186,3_var_match/000186,3,12.824274063110352,12.945584297180176,3.4200589656829834,0.9079990613970033,0.6618047952651978,0.0,0.14455026388168335
000187,000187,3_var_match/000187,6,11.984214782714844,12.320924758911133,3.257373332977295,0.8734537391505008,0.8094752430915833,8.333333969116211,0.10651207715272903
000188,000188,3_var_match/000188,6,5.477411270141602,7.849179744720459,1.6388474702835083,0.6307865898768145,1.0217474699020386,50.000003814697266,0.2977375090122223
000189,000189,3_var_match/000189,7,16.16065788269043,16.41413116455078,2.830986499786377,0.8510288410602818,0.48496684432029724,0.0,0.07733757048845291
000190,000190,3_var_match/000190,7,15.766271591186523,15.76490592956543,4.011760711669922,0.958053857334773,0.5355845093727112,0.0,0.053548093885183334
000191,000191,3_var_match/000191,7,14.165303230285645,14.71401309967041,3.5801002979278564,0.9660352939782595,0.5472028255462646,0.0,0.2191014587879181
000192,000192,3_var_match/000192,5,21.088516235351562,21.18543815612793,4.0197272300720215,0.9689589051632973,0.7812563180923462,0.0,0.08655744791030884
000193,000193,3_var_match/000193,3,17.4102783203125,17.757856369018555,3.444133996963501,0.9270325631895016,0.5926627516746521,0.0,0.09079276025295258
000194,000194,3_var_match/000194,7,18.88686752319336,19.063011169433594,3.580754041671753,0.9613039491502104,0.5424296259880066,5.952381610870361,0.06396894156932831
000195,000195,3_var_match/000195,5,12.569368362426758,12.844245910644531,3.013282060623169,0.8401927470848906,1.0655910968780518,62.5,0.17627419531345367
000196,000196,3_var_match/000196,4,13.85644245147705,14.412309646606445,3.4417858123779297,0.8842469267760646,0.4553679823875427,0.0,0.025187131017446518
000197,000197,3_var_match/000197,6,15.250333786010742,15.321554183959961,3.8840110301971436,0.9761789088490653,0.6198733448982239,33.333335876464844,0.1402323991060257
000198,000198,3_var_match/000198,4,12.6780366897583,13.044595718383789,3.0604946613311768,0.761557532988886,0.9683439135551453,20.83333969116211,0.11477848887443542
000199,000199,3_var_match/000199,2,7.168336391448975,8.031015396118164,1.3127425909042358,0.5637107155471981,1.0139453411102295,0.0,0.09909094870090485
000200,000200,3_var_match/000200,8,14.556869506835938,15.006035804748535,3.282463788986206,0.8960006230518505,0.7444583773612976,80.35714721679688,0.21551406383514404
000201,000201,3_var_match/000201,8,16.21401023864746,16.59953498840332,3.4500434398651123,0.9406221371220509,0.7150829434394836,4.4642863273620605,0.16777461767196655
000202,000202,3_var_match/000202,5,18.378875732421875,18.33628273010254,3.9750876426696777,0.9795126301862703,0.41442155838012695,0.0,0.06669250130653381
000203,000203,3_var_match/000203,7,14.24155044555664,14.60092830657959,2.966221809387207,0.8658013944247163,0.749933660030365,11.904763221740723,0.06614945083856583
000204,000204,3_var_match/000204,7,14.752096176147461,15.006948471069336,3.704164743423462,0.9047697929869015,0.6353099346160889,0.0,0.19929790496826172
000205,000205,3_var_match/000205,7,12.193679809570312,12.435576438903809,3.5723977088928223,0.933050363080228,0.4993818402290344,0.0,0.12710393965244293
000206,000206,3_var_match/000206,8,10.314860343933105,11.01242733001709,3.401503801345825,0.8979598168188697,0.7540853023529053,0.0,0.16555634140968323
000207,000207,3_var_match/000207,8,18.50234031677246,18.79146957397461,3.9821243286132812,0.981633376818898,0.4700580835342407,0.0,0.10059250891208649
000208,000208,3_var_match/000208,7,14.33517074584961,14.640480041503906,2.8819947242736816,0.8333995957666243,0.7682633399963379,5.952380180358887,0.04549844563007355
000209,000209,3_var_match/000209,6,10.611660957336426,11.28470516204834,3.511143684387207,0.9315295281233475,0.7803888320922852,0.0,0.12153830379247665
000210,000210,3_var_match/000210,8,9.360983848571777,9.72695541381836,3.467251777648926,0.8698688953156956,0.6747602820396423,8.928570747375488,0.1024891585111618
000211,000211,3_var_match/000211,7,19.269367218017578,19.416467666625977,3.697615385055542,0.9478095304136531,0.6821557283401489,0.0,0.020521031692624092
000212,000212,3_var_match/000212,5,11.963257789611816,11.960492134094238,3.2387468814849854,0.9263386878758011,0.6742438673973083,0.0,0.3102268874645233
000213,000213,3_var_match/000213,6,13.529519081115723,13.806300163269043,3.6691129207611084,0.826286612692368,0.4534764289855957,0.0,0.13261167705059052
000214,000214,3_var_match/000214,4,17.646808624267578,17.72211456298828,3.843991756439209,0.9573379058366904,0.5832506418228149,0.0,0.1916980743408203
000215,000215,3_var_match/000215,8,11.244842529296875,11.579625129699707,3.202883005142212,0.8916724250018597,0.7896386981010437,8.928569793701172,0.14205622673034668
000216,000216,3_var_match/000216,3,12.425395011901855,12.790703773498535,3.696798086166382,0.8933875678230141,0.613524317741394,83.33333587646484,0.17702411115169525
000217,000217,3_var_match/000217,4,11.589503288269043,12.550657272338867,2.3039350509643555,0.8757198004204224,0.6062498092651367,0.0,0.06816302984952927
000218,000218,3_var_match/000218,8,9.835193634033203,10.238842010498047,3.3941619396209717,0.8948822194158745,0.7860227823257446,26.78571319580078,0.20812496542930603
000219,000219,3_var_match/000219,7,10.270553588867188,11.389636993408203,2.873635768890381,0.8271636837745427,0.6712778806686401,0.0,0.15659251809120178
000220,000220,3_var_match/000220,3,12.668036460876465,12.919879913330078,3.4803543090820312,0.8797560284724152,0.606508195400238,0.0,0.06345014274120331
000221,000221,3_var_match/000221,7,14.419026374816895,14.815167427062988,3.691236734390259,0.8868917577486519,0.6064331531524658,5.952380180358887,0.07820449769496918
000222,000222,3_var_match/000222,2,8.921293258666992,10.651050567626953,2.4369924068450928,0.7562476057683729,0.8240716457366943,0.0,0.3050616979598999
000223,000223,3_var_match/000223,3,15.742416381835938,16.016277313232422,3.076270341873169,0.9234146011378134,0.6867160201072693,0.0,0.06683044135570526
000224,000224,3_var_match/000224,8,12.927007675170898,12.735188484191895,4.148269176483154,0.9714426248357866,0.33060118556022644,0.0,0.34253159165382385
000225,000225,3_var_match/000225,3,18.504638671875,18.76533317565918,3.5156171321868896,0.8013806683359211,0.7988370656967163,0.0,0.07585915923118591
000226,000226,3_var_match/000226,3,14.050773620605469,14.752310752868652,2.5843193531036377,0.7129186780778886,0.6525486707687378,0.0,0.10334791988134384
000227,000227,3_var_match/000227,7,12.464315414428711,12.644614219665527,2.987966537475586,0.9214720497973997,0.6420295238494873,0.0,0.39457908272743225
000228,000228,3_var_match/000228,7,14.661517143249512,15.145170211791992,3.297334909439087,0.9004305441702454,0.8563776612281799,0.0,0.2200811505317688
000229,000229,3_var_match/000229,7,-2.691385269165039,4.633782386779785,1.3472931385040283,0.5556146302446846,1.1155860424041748,77.38095092773438,0.17588913440704346
000230,000230,3_var_match/000230,3,17.389272689819336,17.33081817626953,3.4532277584075928,0.9511781376440195,0.5660476088523865,0.0,0.1075768917798996
000231,000231,3_var_match/000231,8,20.47061538696289,20.221576690673828,3.916985273361206,0.9170417659530116,0.88243168592453,4.464286804199219,0.3614395260810852
000232,000232,3_var_match/000232,2,9.991511344909668,10.610821723937988,3.3066623210906982,0.9006228281284492,0.5629426836967468,0.0,0.06029806286096573
000233,000233,3_var_match/000233,5,12.347293853759766,12.685544967651367,2.477739095687866,0.7138777313337862,0.796977698802948,0.0,0.22501376271247864
000234,000234,3_var_match/000234,4,9.896536827087402,10.575870513916016,3.5467028617858887,0.8868343939121908,0.4170042872428894,0.0,0.07111029326915741
000235,000235,3_var_match/000235,8,18.149272918701172,17.563125610351562,3.5162932872772217,0.9549775201832021,0.622913122177124,4.4642863273620605,0.18679848313331604
000236,000236,3_var_match/000236,6,11.296217918395996,11.593812942504883,3.444387435913086,0.9003026667003682,0.7491656541824341,50.000003814697266,0.19398173689842224
000237,000237,3_var_match/000237,7,16.702354431152344,16.807899475097656,3.9181668758392334,0.9812722562439131,0.5057952404022217,0.0,0.1358395367860794
000238,000238,3_var_match/000238,6,13.59762954711914,14.162755966186523,3.1766979694366455,0.8387716857721618,0.9317507743835449,25.00000762939453,0.11626959592103958
000239,000239,3_var_match/000239,5,13.270573616027832,13.378161430358887,3.5968432426452637,0.9501855209048551,0.6542804837226868,0.0,0.2651951014995575
000240,000240,3_var_match/000240,7,12.720335006713867,13.390754699707031,3.4162914752960205,0.9198473421616739,0.66214919090271,0.0,0.08461116999387741
000241,000241,3_var_match/000241,8,14.821381568908691,15.335735321044922,3.1837878227233887,0.8960459294522282,0.92356938123703,0.0,0.8382173776626587
000242,000242,3_var_match/000242,8,9.970243453979492,9.955440521240234,3.7766406536102295,0.9103399288582211,0.5896043181419373,0.0,0.5592264533042908
000243,000243,3_var_match/000243,7,11.223913192749023,11.718034744262695,3.1187074184417725,0.8843265471779959,0.5236658453941345,0.0,0.1211884617805481
000244,000244,3_var_match/000244,4,17.13343048095703,17.169471740722656,3.7087106704711914,0.9534470407439132,0.5278016924858093,0.0,0.10851480066776276
000245,000245,3_var_match/000245,5,10.479040145874023,11.3300142288208,2.638800621032715,0.867665799708589,0.5726743340492249,0.0,0.15102897584438324
000246,000246,3_var_match/000246,3,16.213485717773438,16.496952056884766,2.968539237976074,0.7921369474271114,0.8223741054534912,0.0,0.1657424122095108
000247,000247,3_var_match/000247,8,11.373894691467285,11.95866870880127,3.5145556926727295,0.8757379542178466,0.7470934391021729,0.0,0.2005559504032135
000248,000248,3_var_match/000248,6,12.609232902526855,12.876513481140137,3.231971263885498,0.9118944664252009,0.7731103897094727,0.0,0.05124133080244064
000249,000249,3_var_match/000249,8,18.67409896850586,18.384002685546875,2.990945816040039,0.9503788906046804,0.4847968518733978,0.0,0.056136660277843475
000250,000250,3_var_match/000250,5,14.966364860534668,15.148529052734375,2.7705624103546143,0.8637122826288104,0.6251041293144226,25.0,0.11208472400903702
000251,000251,3_var_match/000251,8,16.561744689941406,16.847164154052734,3.6792657375335693,0.9652073444405177,0.7476842999458313,0.0,0.3658885061740875
000252,000252,3_var_match/000252,4,16.982624053955078,17.443580627441406,3.3227698802948,0.8740815399998659,0.7219352722167969,0.0,0.11985538899898529
000253,000253,3_var_match/000253,7,14.882883071899414,15.110014915466309,3.1014745235443115,0.8826648878079034,0.5593095421791077,0.0,0.08899005502462387
000254,000254,3_var_match/000254,8,13.464800834655762,13.817017555236816,3.042539358139038,0.8535771967462104,0.8354009985923767,0.0,0.31747493147850037
000255,000255,3_var_match/000255,5,15.732536315917969,15.859054565429688,3.8147830963134766,0.9277880163250464,0.6580345034599304,0.0,0.21499109268188477
000256,000256,3_var_match/000256,4,14.618242263793945,14.717586517333984,3.5663070678710938,0.9209090921455275,0.5437960624694824,0.0,0.04520702362060547
000257,000257,3_var_match/000257,4,16.301742553710938,16.55270767211914,3.403362512588501,0.8226227052975942,0.7703617811203003,0.0,0.06419850885868073
000258,000258,3_var_match/000258,3,11.979558944702148,12.744590759277344,2.6623010635375977,0.7588441548702409,0.8970043063163757,41.66667175292969,0.19859443604946136
000259,000259,3_var_match/000259,7,12.911864280700684,13.323326110839844,2.8773186206817627,0.7791853821826338,0.5775240659713745,0.0,0.11874564737081528
000260,000260,3_var_match/000260,7,11.296440124511719,12.572144508361816,2.9215056896209717,0.8343954114874376,0.7989345192909241,17.857145309448242,0.2394009828567505
000261,000261,3_var_match/000261,6,21.042316436767578,20.893463134765625,3.2633843421936035,0.9535854048435173,0.7801661491394043,0.0,0.10453596711158752
000262,000262,3_var_match/000262,2,8.348760604858398,9.024314880371094,2.264017105102539,0.8054701382130657,0.5822190642356873,0.0,0.04272426664829254
000263,000263,3_var_match/000263,7,14.174850463867188,14.69555950164795,3.293804168701172,0.8682351746672841,0.9322783946990967,23.809524536132812,0.2168990522623062
000264,000264,3_var_match/000264,2,-9.019424438476562,0.90151047706604,1.4828507900238037,0.44559090598064766,0.8550857305526733,0.0,0.8038992881774902
000265,000265,3_var_match/000265,7,15.623323440551758,16.001468658447266,3.550097942352295,0.9159385852515016,0.7935905456542969,5.952381610870361,0.19482776522636414
000266,000266,3_var_match/000266,6,16.235666275024414,16.33440399169922,3.703045129776001,0.9620754611032504,0.4768063724040985,0.0,0.054196733981370926
000267,000267,3_var_match/000267,5,18.531787872314453,18.614818572998047,3.423748254776001,0.9166249219915117,0.6496297717094421,0.0,0.1277863085269928
000268,000268,3_var_match/000268,8,14.570388793945312,15.337345123291016,3.377580404281616,0.9572150984304926,0.6691891551017761,0.0,0.042454082518815994
000269,000269,3_var_match/000269,6,13.387449264526367,13.751096725463867,2.9570419788360596,0.8406569443890891,0.6829599142074585,0.0,0.30863162875175476
000270,000270,3_var_match/000270,3,11.309520721435547,11.965526580810547,2.816262722015381,0.8369185615788898,0.7156625986099243,0.0,0.08713026344776154
000271,000271,3_var_match/000271,5,14.200547218322754,14.606956481933594,3.676950693130493,0.9487178683396194,0.49483558535575867,0.0,0.05374864488840103
000272,000272,3_var_match/000272,3,14.706634521484375,14.88642692565918,3.418006658554077,0.9468465173528782,0.588110089302063,0.0,0.11081139743328094
000273,000273,3_var_match/000273,2,10.65472412109375,11.937528610229492,2.853538751602173,0.838119962786474,0.6610927581787109,0.0,0.08308185636997223
000274,000274,3_var_match/000274,3,15.095053672790527,15.297761917114258,3.338686943054199,0.9105468557116068,0.5183095932006836,0.0,0.04920423775911331
000275,000275,3_var_match/000275,5,18.588924407958984,18.79513931274414,3.7921292781829834,0.9451645088304997,0.4586053490638733,0.0,0.13765259087085724
000276,000276,3_var_match/000276,3,11.872940063476562,12.559295654296875,2.941405773162842,0.7665487565486523,0.8864736557006836,0.0,0.14332051575183868
000277,000277,3_var_match/000277,6,12.227470397949219,13.147771835327148,2.805852174758911,0.8524779471326913,0.7827680110931396,8.333333969116211,0.09331992268562317
000278,000278,3_var_match/000278,3,13.11553955078125,13.833946228027344,3.1806507110595703,0.8841659783348307,0.8070739507675171,41.66667175292969,0.06897325813770294
000279,000279,3_var_match/000279,5,11.269161224365234,11.820717811584473,3.303603172302246,0.8617946978297347,0.47826606035232544,0.0,0.06736499071121216
000280,000280,3_var_match/000280,8,7.589734077453613,8.73758316040039,2.792534351348877,0.7698489626698911,0.9342699646949768,40.1785774230957,0.22597190737724304
000281,000281,3_var_match/000281,6,15.017319679260254,14.855541229248047,2.98526930809021,0.8540968838100692,0.5227044820785522,0.0,0.11422491073608398
000282,000282,3_var_match/000282,3,19.210407257080078,19.485824584960938,3.3009164333343506,0.913453174142062,0.745470404624939,83.33334350585938,0.08805197477340698
000283,000283,3_var_match/000283,7,12.134303092956543,13.00466537475586,2.5385076999664307,0.7614198848300539,1.0238629579544067,220.23809814453125,0.108698770403862
000284,000284,3_var_match/000284,4,14.257282257080078,14.939017295837402,2.8687994480133057,0.7477086974783946,0.8722667098045349,0.0,0.0630280077457428
000285,000285,3_var_match/000285,7,13.799521446228027,14.26711654663086,3.355036735534668,0.8982030934899771,0.7688844203948975,23.809524536132812,0.0904146283864975
000286,000286,3_var_match/000286,4,15.83845329284668,16.068023681640625,3.8130249977111816,0.9353006963409395,0.6559572219848633,41.66667175292969,0.10141920298337936
000287,000287,3_var_match/000287,6,12.673126220703125,13.215365409851074,2.584780693054199,0.8473172852227969,0.675883948802948,8.333333969116211,0.17711980640888214
000288,000288,3_var_match/000288,2,2.1319432258605957,6.094657897949219,1.5256264209747314,0.45278292952275767,0.6924683451652527,0.0,0.32317209243774414
000289,000289,3_var_match/000289,8,12.759279251098633,13.093816757202148,3.7500882148742676,0.9170647049582977,0.6264054775238037,0.0,0.12000402808189392
000290,000290,3_var_match/000290,6,18.039722442626953,18.055866241455078,3.4110476970672607,0.8975851392813156,0.6549844741821289,0.0,0.11135604232549667
000291,000291,3_var_match/000291,3,18.955442428588867,19.101797103881836,3.4592225551605225,0.9373704631471532,0.4047873914241791,0.0,0.0513809397816658
000292,000292,3_var_match/000292,6,1.9121408462524414,4.022865295410156,1.7535165548324585,0.775018413502432,0.6003013849258423,0.0,0.15190084278583527
000293,000293,3_var_match/000293,6,9.849174499511719,10.205320358276367,3.119481325149536,0.829188662315304,0.7189418077468872,0.0,0.11914300173521042
000294,000294,3_var_match/000294,5,11.643765449523926,12.181875228881836,3.1280951499938965,0.8611446264266879,0.6003598570823669,12.500000953674316,0.07538791745901108
000295,000295,3_var_match/000295,4,16.045791625976562,16.44799041748047,3.7503952980041504,0.9429614085444898,0.6404244899749756,0.0,0.1391926407814026
000296,000296,3_var_match/000296,2,12.98766040802002,13.382893562316895,2.9223623275756836,0.8322837699645634,0.7528852820396423,0.0,0.21015509963035583
000297,000297,3_var_match/000297,6,20.156005859375,20.14737319946289,3.8621599674224854,0.9610019903937297,0.5076220035552979,8.333333969116211,0.07280626893043518
000298,000298,3_var_match/000298,3,15.855310440063477,16.09369659423828,3.214954137802124,0.8522364531950389,0.8352502584457397,0.0,0.2235972136259079
000299,000299,3_var_match/000299,7,13.922304153442383,14.761972427368164,3.4880177974700928,0.8592555011112771,0.6678479313850403,0.0,0.10219256579875946
000300,000300,3_var_match/000300,7,22.127241134643555,21.696044921875,3.576570987701416,0.9565076110718943,0.6594730615615845,5.952381610870361,0.10146981477737427
000301,000301,3_var_match/000301,3,11.065446853637695,11.915745735168457,3.148066997528076,0.9209963767253383,0.35211193561553955,0.0,0.0333985760807991
000302,000302,3_var_match/000302,3,12.465085983276367,12.56032657623291,3.407240390777588,0.9358841484628037,0.7938370108604431,0.0,0.11000615358352661
000303,000303,3_var_match/000303,4,11.01997184753418,11.980085372924805,3.1422665119171143,0.8102889920144695,0.6020549535751343,0.0,0.16747257113456726
000304,000304,3_var_match/000304,3,9.26031494140625,9.803228378295898,3.020458698272705,0.7804683817219455,0.679970920085907,0.0,0.03779185563325882
000305,000305,3_var_match/000305,8,11.247325897216797,11.554980278015137,3.8836889266967773,0.9460281520174736,0.5625166296958923,0.0,0.10941613465547562
000306,000306,3_var_match/000306,4,16.250986099243164,16.393238067626953,3.1099884510040283,0.8388680269517721,0.3743816614151001,0.0,0.1759149730205536
000307,000307,3_var_match/000307,3,12.225231170654297,12.536382675170898,3.244703769683838,0.9108124518781672,0.5187963247299194,0.0,0.11786544322967529
000308,000308,3_var_match/000308,4,10.891524314880371,11.587930679321289,3.1498348712921143,0.8796884568969479,0.5201874375343323,0.0,0.09221450984477997
000309,000309,3_var_match/000309,4,13.73385238647461,14.178986549377441,2.841636896133423,0.8369382556704992,0.9651426076889038,0.0,0.04854482412338257
000310,000310,3_var_match/000310,2,8.721729278564453,9.250503540039062,3.422239065170288,0.9071881322074468,0.5422568917274475,0.0,0.1334267109632492
000311,000311,3_var_match/000311,4,16.659652709960938,15.467778205871582,4.176877021789551,0.969973365176022,0.39002764225006104,0.0,0.18614082038402557
000312,000312,3_var_match/000312,8,12.492179870605469,13.239450454711914,3.5023000240325928,0.865215703087213,0.8374210000038147,4.4642863273620605,0.26775598526000977
000313,000313,3_var_match/000313,6,17.52982521057129,17.686458587646484,3.680004835128784,0.8986526708606646,0.7746541500091553,8.333333969116211,0.1179395541548729
000314,000314,3_var_match/000314,5,14.564739227294922,14.86593246459961,3.3441686630249023,0.937587769073842,0.6751221418380737,0.0,0.06659700721502304
000315,000315,3_var_match/000315,2,15.009504318237305,15.349807739257812,3.502223491668701,0.9578977665074033,0.657143235206604,0.0,0.020636849105358124
000316,000316,3_var_match/000316,8,11.712006568908691,11.990113258361816,3.519188642501831,0.9074115912553004,0.6302992701530457,40.1785774230957,0.27647969126701355
000317,000317,3_var_match/000317,2,10.112908363342285,11.242559432983398,2.6052749156951904,0.8673857049365933,0.7201513051986694,0.0,0.011444319039583206
000318,000318,3_var_match/000318,5,10.681069374084473,12.248637199401855,2.663347005844116,0.848549133153011,0.9082180857658386,12.499999046325684,0.15005238354206085
000319,000319,3_var_match/000319,4,10.173341751098633,10.520347595214844,3.452951431274414,0.9258465193877302,0.46319112181663513,0.0,0.06505348533391953
000320,000320,3_var_match/000320,3,13.899295806884766,13.801746368408203,3.7625701427459717,0.9590965652115342,0.6313968300819397,0.0,0.08366246521472931
000321,000321,3_var_match/000321,3,12.826128005981445,12.993410110473633,3.130418062210083,0.9446948715468038,0.5829275250434875,0.0,0.10937689244747162
000322,000322,3_var_match/000322,3,8.107645034790039,9.366315841674805,3.0626893043518066,0.7817344865307811,0.8504801988601685,0.0,0.10787034034729004
000323,000323,3_var_match/000323,6,15.44818115234375,15.69105339050293,3.6149933338165283,0.9374546778919003,0.4092724025249481,0.0,0.08561185002326965
000324,000324,3_var_match/000324,8,8.381954193115234,9.007038116455078,3.9777140617370605,0.9470306767845268,0.780038595199585,4.464285850524902,0.6174644827842712
000325,000325,3_var_match/000325,2,16.61663055419922,16.84748077392578,3.591679096221924,0.9548282657264008,0.508089005947113,0.0,0.018243547528982162
000326,000326,3_var_match/000326,2,14.174083709716797,14.846985816955566,2.640066146850586,0.9154197370974478,0.6557353138923645,125.00000762939453,0.035779207944869995
000327,000327,3_var_match/000327,6,15.208765029907227,15.241134643554688,3.9111220836639404,0.9152070847545932,0.4700309634208679,8.333333969116211,0.2222319096326828
000328,000328,3_var_match/000328,4,13.895893096923828,13.81103801727295,3.836146354675293,0.9776228635241052,0.3146803379058838,0.0,0.02931952476501465
000329,000329,3_var_match/000329,5,13.153482437133789,13.592972755432129,3.3218276500701904,0.8049514851209422,0.5768268704414368,0.0,0.050180137157440186
000330,000330,3_var_match/000330,4,11.8987398147583,12.624808311462402,3.163271427154541,0.9143928841489457,0.5160424113273621,0.0,0.18173818290233612
000331,000331,3_var_match/000331,7,20.62726593017578,20.466384887695312,3.793368339538574,0.9912374123058186,0.5329764485359192,0.0,0.11961755156517029
000332,000332,3_var_match/000332,5,13.848810195922852,14.341386795043945,3.451319694519043,0.9426964677390754,0.602756917476654,0.0,0.1652240753173828
000333,000333,3_var_match/000333,7,4.832605361938477,7.504187107086182,1.778745174407959,0.7299036847126262,1.0080608129501343,5.952381134033203,0.5247645974159241
000334,000334,3_var_match/000334,7,13.735586166381836,14.411310195922852,2.6576199531555176,0.7836795790788933,0.8964672088623047,5.952381610870361,0.3157474994659424
000335,000335,3_var_match/000335,4,14.015650749206543,14.138721466064453,3.4279932975769043,0.9278297037765437,0.44913506507873535,0.0,0.019432764500379562
000336,000336,3_var_match/000336,2,16.65956687927246,15.851767539978027,3.8230597972869873,0.6487225057243026,0.4348011314868927,0.0,0.00612407922744751
000337,000337,3_var_match/000337,6,9.906309127807617,10.249300003051758,3.6053218841552734,0.8404949959099898,1.0020158290863037,0.0,0.2646617889404297
000338,000338,3_var_match/000338,4,16.67205238342285,16.757909774780273,3.6360065937042236,0.9534019300032208,0.5336041450500488,0.0,0.044582292437553406
000339,000339,3_var_match/000339,8,12.438697814941406,12.795438766479492,2.1219141483306885,0.8182952873234115,0.9004825353622437,8.928572654724121,0.15784022212028503
000340,000340,3_var_match/000340,7,4.662341117858887,7.643695831298828,1.4207017421722412,0.6027236664078603,1.0410161018371582,11.904764175415039,0.7980653643608093
000341,000341,3_var_match/000341,8,13.527779579162598,13.81822681427002,3.67838978767395,0.961289508110063,0.5737110376358032,0.0,0.19680391252040863
000342,000342,3_var_match/000342,3,10.233816146850586,10.626386642456055,3.8118109703063965,0.915690191476694,0.7272783517837524,0.0,0.11505186557769775
000343,000343,3_var_match/000343,3,15.852072715759277,16.156539916992188,3.843256711959839,0.9700958386344198,0.5935963988304138,83.33334350585938,0.16970960795879364
000344,000344,3_var_match/000344,7,11.148484230041504,11.822253227233887,3.5870752334594727,0.8724890937336643,0.7263330221176147,23.809524536132812,0.17124797403812408
000345,000345,3_var_match/000345,4,8.06525993347168,8.030793190002441,2.631573438644409,0.7631824537182575,0.8520188331604004,20.833335876464844,0.26838418841362
000346,000346,3_var_match/000346,7,19.581382751464844,19.223161697387695,3.3936400413513184,0.9738449963885984,0.5428451895713806,0.0,0.0549243688583374
000347,000347,3_var_match/000347,2,12.447081565856934,13.323326110839844,2.250352144241333,0.7698803829589219,1.0334733724594116,0.0,0.0035837888717651367
000348,000348,3_var_match/000348,6,16.960880279541016,17.05093002319336,3.6902544498443604,0.9225136542457267,0.5751422047615051,0.0,0.3276405334472656
000349,000349,3_var_match/000349,2,15.997105598449707,16.125642776489258,3.2846200466156006,0.9492900998128132,0.4537924826145172,0.0,0.005842581391334534
000350,000350,3_var_match/000350,7,16.19563102722168,16.66050910949707,3.5511043071746826,0.8160422197140974,0.8126088380813599,5.952381610870361,0.2756038308143616
000351,000351,3_var_match/000351,2,13.50520133972168,13.984987258911133,3.112466335296631,0.8733042821592027,0.7585684061050415,0.0,0.051209017634391785
000352,000352,3_var_match/000352,8,14.722410202026367,15.151040077209473,3.5723907947540283,0.8399294941331953,0.8325111269950867,26.785717010498047,0.21888692677021027
000353,000353,3_var_match/000353,3,13.594095230102539,13.96010684967041,3.140956163406372,0.8410035881143113,0.6351075172424316,0.0,0.07996334135532379
000354,000354,3_var_match/000354,4,13.160961151123047,13.86979866027832,3.449544906616211,0.91363790334759,0.564560055732727,0.0,0.04528059810400009
000355,000355,3_var_match/000355,5,19.177505493164062,19.210893630981445,3.0356290340423584,0.9137496553551367,0.5215328335762024,0.0,0.023676326498389244
000356,000356,3_var_match/000356,8,17.452980041503906,17.467975616455078,3.115901470184326,0.8928137270116637,0.6456791162490845,4.4642863273620605,0.06395913660526276
000357,000357,3_var_match/000357,8,20.26573944091797,20.387483596801758,3.464089870452881,0.9268984782495192,0.5416842699050903,0.0,0.07914672046899796
000358,000358,3_var_match/000358,8,13.309810638427734,13.516209602355957,3.559617757797241,0.8941455394223412,0.6921406388282776,17.857145309448242,0.2343088537454605
000359,000359,3_var_match/000359,7,15.985130310058594,16.444866180419922,3.3125407695770264,0.9357353478587845,0.9779371023178101,0.0,0.11703157424926758
000360,000360,3_var_match/000360,8,13.935770034790039,14.072087287902832,3.880171060562134,0.9586177519695721,0.7601839900016785,8.928572654724121,0.30299583077430725
000361,000361,3_var_match/000361,5,10.469554901123047,10.859808921813965,2.588134765625,0.7937487349665423,0.8949735760688782,0.0,0.12736986577510834
000362,000362,3_var_match/000362,2,11.12082290649414,11.941322326660156,2.3184423446655273,0.7415930603705606,0.4787384867668152,0.0,0.118527851998806
000363,000363,3_var_match/000363,6,13.212553024291992,13.502715110778809,3.7699053287506104,0.9346442914430921,0.5010262727737427,0.0,0.08454988151788712
000364,000364,3_var_match/000364,5,11.800210952758789,12.420220375061035,3.4208078384399414,0.8765183228925071,0.6828441023826599,12.500000953674316,0.04268626496195793
000365,000365,3_var_match/000365,7,13.314607620239258,13.490762710571289,3.803175449371338,0.9432659205841774,0.5389373302459717,0.0,0.10127130150794983
000366,000366,3_var_match/000366,2,-0.33462977409362793,4.427018165588379,1.4410597085952759,0.5823275548705601,0.7800675630569458,0.0,0.1341049075126648
000367,000367,3_var_match/000367,3,8.91541862487793,9.669235229492188,2.4414570331573486,0.7379472708124476,0.7663342356681824,0.0,0.10620313882827759
000368,000368,3_var_match/000368,8,15.674169540405273,15.603754043579102,3.9370994567871094,0.9841280082340759,0.44607043266296387,0.0,0.22844287753105164
000369,000369,3_var_match/000369,6,16.184396743774414,15.710752487182617,3.773249864578247,0.9333506165420131,0.7007977366447449,0.0,0.30745476484298706
000370,000370,3_var_match/000370,6,17.725120544433594,17.749919891357422,3.6587297916412354,0.9607474004811981,0.5976412892341614,0.0,0.08489400148391724
000371,000371,3_var_match/000371,6,15.96650218963623,16.293874740600586,2.981173515319824,0.7151591481527034,0.7797393202781677,41.66666793823242,0.18050433695316315
000372,000372,3_var_match/000372,3,15.797440528869629,15.79116153717041,3.8127877712249756,0.9259390216621277,0.5983542203903198,0.0,0.12014877051115036
000373,000373,3_var_match/000373,2,12.726627349853516,13.151087760925293,3.208876848220825,0.9015023896622989,0.44871896505355835,0.0,0.0291113443672657
000374,000374,3_var_match/000374,8,11.197306632995605,11.428903579711914,3.154280185699463,0.8682236404168556,0.6653180122375488,4.4642863273620605,0.3232195973396301
000375,000375,3_var_match/000375,4,21.879344940185547,21.981794357299805,3.193220853805542,0.9653325597333192,0.5362163782119751,41.66667175292969,0.02430151030421257
000376,000376,3_var_match/000376,7,14.609658241271973,15.08189582824707,3.109117269515991,0.8902350835067333,0.769439160823822,11.904763221740723,0.19862394034862518
000377,000377,3_var_match/000377,2,-29.80837059020996,-1.5100384950637817,1.4172205924987793,-0.006456199804236777,0.6596184372901917,0.0,0.09988903254270554
000378,000378,3_var_match/000378,4,9.912818908691406,10.79006576538086,3.0115725994110107,0.7818805306192257,0.7103418111801147,0.0,0.029724568128585815
000379,000379,3_var_match/000379,4,13.489225387573242,13.771169662475586,2.518547534942627,0.7076060204321696,0.8876739740371704,0.0,0.060921937227249146
000380,000380,3_var_match/000380,2,11.702634811401367,12.038423538208008,2.809065580368042,0.8727051088854617,0.719107449054718,0.0,0.022958502173423767
000381,000381,3_var_match/000381,7,14.680509567260742,15.115896224975586,3.5814096927642822,0.9509057522203036,0.9157146215438843,23.809524536132812,0.247175395488739
000382,000382,3_var_match/000382,3,12.514303207397461,12.910764694213867,2.847099542617798,0.783613886730518,0.7779842615127563,41.66667175292969,0.14645378291606903
000383,000383,3_var_match/000383,8,10.495430946350098,10.849237442016602,3.664438486099243,0.8947388431417478,0.6589329838752747,49.10714340209961,0.1926916539669037
000384,000384,3_var_match/000384,6,11.220459938049316,11.176867485046387,3.515836000442505,0.9303084105443553,0.7124996781349182,0.0,0.38949868083000183
000385,000385,3_var_match/000385,4,15.799300193786621,16.331066131591797,3.458399534225464,0.9068630811960956,0.6421510577201843,0.0,0.2128344029188156
000386,000386,3_var_match/000386,6,10.550400733947754,10.580694198608398,3.701559066772461,0.913348951426021,0.4969334304332733,0.0,0.21327073872089386
000387,000387,3_var_match/000387,4,16.674549102783203,16.760160446166992,3.5337038040161133,0.9257090284033406,0.47261863946914673,0.0,0.11041917651891708
000388,000388,3_var_match/000388,5,10.399870872497559,11.138666152954102,2.944552183151245,0.8351734354922333,0.7544701099395752,12.500000953674316,0.19957904517650604
000389,000389,3_var_match/000389,2,13.53841781616211,13.904828071594238,3.2798426151275635,0.7727747018406136,0.6282909512519836,0.0,0.07813762128353119
000390,000390,3_var_match/000390,2,11.929925918579102,12.33813190460205,3.125811815261841,0.8313247668662329,0.6508525609970093,0.0,0.018838655203580856
000391,000391,3_var_match/000391,7,15.687447547912598,15.883110046386719,3.712076425552368,0.950181327756753,0.7288926839828491,5.952380180358887,0.09426504373550415
000392,000392,3_var_match/000392,4,15.57996940612793,15.642305374145508,3.763244390487671,0.9368885047629856,0.4772518277168274,0.0,0.3236417770385742
000393,000393,3_var_match/000393,2,10.93256664276123,11.390597343444824,2.839850902557373,0.7377696876030535,0.7320469617843628,0.0,0.16296187043190002
000394,000394,3_var_match/000394,7,18.34912872314453,18.542022705078125,3.584765911102295,0.9708791114440128,0.6154557466506958,0.0,0.12263613939285278
000395,000395,3_var_match/000395,5,12.342323303222656,13.834407806396484,2.3070976734161377,0.8142431371023272,0.9433507919311523,0.0,0.15500223636627197
000396,000396,3_var_match/000396,3,11.530792236328125,12.301544189453125,2.508754253387451,0.8004684218824366,0.8951982855796814,41.66667175292969,0.09834246337413788
000397,000397,3_var_match/000397,3,18.593097686767578,18.812822341918945,3.7922661304473877,0.9551251402967325,0.7889536619186401,0.0,0.07368667423725128
000398,000398,3_var_match/000398,3,20.189184188842773,20.482852935791016,3.323561906814575,0.9254883673628876,0.6385911703109741,0.0,0.14218667149543762
000399,000399,3_var_match/000399,2,6.527383804321289,8.207718849182129,2.414456367492676,0.8200430187026115,0.5926936864852905,0.0,0.015881173312664032
000400,000400,3_var_match/000400,3,11.327095031738281,11.626035690307617,3.5841853618621826,0.9139229297685165,0.5727285146713257,0.0,0.04080073907971382
000401,000401,3_var_match/000401,2,13.543325424194336,14.629890441894531,2.9137680530548096,0.7949327718140996,0.647405743598938,0.0,0.09832575172185898
000402,000402,3_var_match/000402,3,9.745661735534668,9.434459686279297,2.9540696144104004,0.8176288752166972,0.8415696024894714,41.66667175292969,0.5916286706924438
000403,000403,3_var_match/000403,8,11.011219024658203,11.680370330810547,3.0002846717834473,0.882978352981673,0.7184173464775085,8.928572654724121,0.09283231943845749
000404,000404,3_var_match/000404,6,10.383852005004883,11.40047836303711,2.3967947959899902,0.7880689511918323,0.9449025392532349,25.000003814697266,0.4539986550807953
000405,000405,3_var_match/000405,8,9.03330135345459,10.430548667907715,2.557190179824829,0.7795947807223764,0.8826683759689331,13.392857551574707,0.41309112310409546
000406,000406,3_var_match/000406,6,16.03348731994629,16.39496421813965,3.5403597354888916,0.9405088413759353,0.5753452777862549,0.0,0.05989840254187584
000407,000407,3_var_match/000407,6,12.387640953063965,13.222646713256836,3.0784807205200195,0.912149308270292,0.6126809120178223,16.666667938232422,0.08282884210348129
000408,000408,3_var_match/000408,7,11.090143203735352,11.579235076904297,3.2811050415039062,0.8352685731848425,0.6178596615791321,0.0,0.10844000428915024
000409,000409,3_var_match/000409,5,12.654092788696289,12.969228744506836,3.890054702758789,0.929056467496615,0.45940646529197693,12.500000953674316,0.09808962792158127
000410,000410,3_var_match/000410,6,17.654319763183594,17.91220474243164,3.31349778175354,0.8629402363410058,0.541734516620636,0.0,0.03222716972231865
000411,000411,3_var_match/000411,5,-0.9990692138671875,5.396722316741943,1.4148045778274536,0.5192479063318882,1.0616928339004517,50.00000762939453,0.35162147879600525
000412,000412,3_var_match/000412,2,16.690982818603516,16.81331443786621,2.763073444366455,0.7182318359949312,0.5622296929359436,0.0,0.0840817391872406
000413,000413,3_var_match/000413,3,13.384943008422852,13.701162338256836,3.1302366256713867,0.8972234126750295,0.504958987236023,0.0,0.030300047248601913
000414,000414,3_var_match/000414,3,11.753275871276855,12.17275333404541,3.2831544876098633,0.8813231170362342,0.7161039113998413,0.0,0.061344414949417114
000415,000415,3_var_match/000415,5,13.339691162109375,13.966716766357422,3.2116000652313232,0.9037796823918525,0.670915424823761,0.0,0.06271740794181824
000416,000416,3_var_match/000416,4,7.155729293823242,8.856452941894531,2.3698408603668213,0.8059455175599696,0.5415869951248169,20.833335876464844,0.21431666612625122
000417,000417,3_var_match/000417,8,9.746809005737305,10.650092124938965,2.268576145172119,0.7617916289974165,0.7192498445510864,17.857145309448242,0.11326684802770615
000418,000418,3_var_match/000418,3,16.698322296142578,16.96413803100586,3.8160953521728516,0.9218755270234392,0.529458224773407,0.0,0.058102305978536606
000419,000419,3_var_match/000419,4,14.110894203186035,14.450739860534668,3.532424211502075,0.8601263987771324,0.7176546454429626,0.0,0.07391349971294403
000420,000420,3_var_match/000420,4,8.28630256652832,8.990480422973633,3.2220234870910645,0.8598089649020305,0.6272116303443909,0.0,0.0432068407535553
000421,000421,3_var_match/000421,6,12.038925170898438,12.087711334228516,3.4761240482330322,0.9311518425801728,0.770126461982727,0.0,0.6034386157989502
000422,000422,3_var_match/000422,6,12.68994426727295,12.870779991149902,3.8001692295074463,0.9259452803565225,0.5461078882217407,0.0,0.08129764348268509
000423,000423,3_var_match/000423,3,11.847899436950684,12.854331016540527,3.0744214057922363,0.8550376377138101,0.6980290412902832,41.66667175292969,0.09305201470851898
000424,000424,3_var_match/000424,5,15.951257705688477,16.37598419189453,3.2297043800354004,0.8968098836682611,0.6662188768386841,0.0,0.2487010508775711
000425,000425,3_var_match/000425,5,16.53905487060547,16.76998519897461,3.3961360454559326,0.9333827568697971,0.7914881110191345,12.500000953674316,0.27252528071403503
000426,000426,3_var_match/000426,8,14.461542129516602,14.914478302001953,3.8072686195373535,0.903860881193727,0.8242006897926331,0.0,0.29413270950317383
000427,000427,3_var_match/000427,3,13.29673957824707,13.852582931518555,3.2295758724212646,0.8276343545530652,0.8371806144714355,0.0,0.13703443109989166
000428,000428,3_var_match/000428,6,15.135547637939453,16.181034088134766,2.5452585220336914,0.929672630587207,0.9998892545700073,0.0,0.1682356297969818
000429,000429,3_var_match/000429,4,16.478342056274414,16.821678161621094,3.2087924480438232,0.8006036525809741,0.7702218294143677,0.0,0.08591985702514648
000430,000430,3_var_match/000430,8,15.612117767333984,15.389201164245605,3.937164545059204,0.9824172245516649,0.40072768926620483,0.0,0.11560172587633133
000431,000431,3_var_match/000431,5,11.859021186828613,12.179780960083008,3.815164089202881,0.853473919848802,0.6412879228591919,0.0,0.17680099606513977
000432,000432,3_var_match/000432,3,12.396699905395508,13.136734008789062,3.2308409214019775,0.9045216394598146,0.7970902323722839,41.66667175292969,0.20243439078330994
000433,000433,3_var_match/000433,4,16.919063568115234,16.729690551757812,3.877628803253174,0.9765351073752401,0.39473503828048706,0.0,0.07484008371829987
000434,000434,3_var_match/000434,2,12.481816291809082,12.891559600830078,3.099015235900879,0.9496251379098075,0.48040834069252014,0.0,0.03332965075969696
000435,000435,3_var_match/000435,4,7.466733455657959,10.404858589172363,1.6149134635925293,0.55891034812753,0.8703219294548035,41.66667175292969,0.05764093995094299
000436,000436,3_var_match/000436,2,16.203744888305664,16.308734893798828,3.868556261062622,0.9298328645436074,0.5000060796737671,0.0,0.00870034471154213
000437,000437,3_var_match/000437,6,2.071105480194092,5.656963348388672,2.1805191040039062,0.6970102846383024,0.9682188034057617,100.00001525878906,0.3775751292705536
000438,000438,3_var_match/000438,4,18.11469841003418,18.518720626831055,2.745697021484375,0.8255696341541146,0.7567777633666992,20.833335876464844,0.18042723834514618
000439,000439,3_var_match/000439,5,10.638038635253906,10.903338432312012,3.679327964782715,0.9092973207009973,0.6152317523956299,0.0,0.1433476358652115
000440,000440,3_var_match/000440,2,19.28824234008789,19.40389633178711,4.06345796585083,0.9832567458564005,0.7106661796569824,0.0,0.10390916466712952
000441,000441,3_var_match/000441,6,9.52784252166748,10.002485275268555,2.9035773277282715,0.915898381555735,0.8197538256645203,0.0,0.06640227138996124
000442,000442,3_var_match/000442,4,11.631362915039062,12.241460800170898,3.110599994659424,0.7388857644489502,0.839678168296814,0.0,0.10860729217529297
000443,000443,3_var_match/000443,8,16.79983139038086,17.15052604675293,3.4278547763824463,0.9034999899650707,0.6728919744491577,0.0,0.14855974912643433
000444,000444,3_var_match/000444,8,10.506443977355957,12.156521797180176,2.975167751312256,0.7987196200788435,0.782356858253479,26.785717010498047,0.22119207680225372
000445,000445,3_var_match/000445,5,18.521886825561523,18.378582000732422,3.2997219562530518,0.8749890458627684,0.5880312323570251,25.000001907348633,0.09463409334421158
000446,000446,3_var_match/000446,5,17.140134811401367,17.20917320251465,3.6090590953826904,0.9502538526523661,0.3159707188606262,0.0,0.062048304826021194
000447,000447,3_var_match/000447,3,10.648347854614258,11.973672866821289,2.453000545501709,0.7937272356624233,0.661725640296936,0.0,0.1213567852973938
000448,000448,3_var_match/000448,5,11.905516624450684,12.488485336303711,3.5643224716186523,0.9602335198082514,0.5557693243026733,0.0,0.40588685870170593
000449,000449,3_var_match/000449,5,10.107328414916992,10.456158638000488,3.6805930137634277,0.9357120270491202,0.7244130373001099,25.0,0.12506575882434845
000450,000450,3_var_match/000450,2,12.900215148925781,12.640861511230469,3.29077410697937,0.9569340255253365,0.5345034599304199,0.0,0.12701845169067383
000451,000451,3_var_match/000451,4,14.9230318069458,15.460247039794922,3.363827705383301,0.840617940887429,0.5877113938331604,0.0,0.08716851472854614
000452,000452,3_var_match/000452,5,14.87039852142334,15.026639938354492,3.5803401470184326,0.884196083171672,0.7685531973838806,12.500000953674316,0.23073506355285645
000453,000453,3_var_match/000453,8,16.840425491333008,16.970043182373047,3.8221182823181152,0.9429334694590737,0.45674625039100647,13.392862319946289,0.20987637341022491
000454,000454,3_var_match/000454,7,10.479565620422363,10.469051361083984,3.5710740089416504,0.9238404777875919,0.5388597846031189,0.0,0.3523036539554596
000455,000455,3_var_match/000455,8,12.504508972167969,12.889997482299805,3.4310386180877686,0.9048205857690554,0.7919217944145203,13.392857551574707,0.3496057689189911
000456,000456,3_var_match/000456,6,13.794004440307617,14.206330299377441,3.727796792984009,0.9279390081478232,0.5100191235542297,0.0,0.049996137619018555
000457,000457,3_var_match/000457,8,9.167244911193848,9.829668045043945,3.5079498291015625,0.9013729405985708,0.7503021955490112,4.4642863273620605,0.21020598709583282
000458,000458,3_var_match/000458,5,15.245207786560059,15.447404861450195,3.581407070159912,0.8468099908671746,0.405087947845459,0.0,0.11870821565389633
000459,000459,3_var_match/000459,4,11.215625762939453,11.730216979980469,3.6512258052825928,0.8737753968906656,0.4231262803077698,0.0,0.06137890741229057
000460,000460,3_var_match/000460,4,15.348602294921875,15.64261245727539,2.9348573684692383,0.8897517580172258,0.7702304124832153,0.0,0.19320379197597504
000461,000461,3_var_match/000461,2,11.586647033691406,12.030914306640625,2.5788283348083496,0.6951840606780642,0.7022635340690613,0.0,0.0840473547577858
000462,000462,3_var_match/000462,8,14.068495750427246,14.6849946975708,3.152594804763794,0.8830333219767201,0.5670828819274902,4.4642863273620605,0.08792758733034134
000463,000463,3_var_match/000463,6,14.97341251373291,15.279364585876465,2.658660650253296,0.8576750925740991,0.9305914044380188,25.000003814697266,0.09041168540716171
000464,000464,3_var_match/000464,2,11.767274856567383,12.799997329711914,2.879328727722168,0.8385101118672801,0.7468287348747253,0.0,0.049553416669368744
000465,000465,3_var_match/000465,3,14.673576354980469,15.205718994140625,3.094111680984497,0.927390972866934,0.6917742490768433,0.0,0.15531858801841736
000466,000466,3_var_match/000466,7,12.18033218383789,12.754584312438965,3.1574745178222656,0.8517595630887144,0.6689842939376831,0.0,0.06133737415075302
000467,000467,3_var_match/000467,6,12.457440376281738,12.74654769897461,3.623922824859619,0.9070995404121971,0.5646613240242004,0.0,0.05014486983418465
000468,000468,3_var_match/000468,4,13.492448806762695,14.215280532836914,3.3618364334106445,0.8803504612136694,0.7890678644180298,0.0,0.19008652865886688
000469,000469,3_var_match/000469,8,19.81212615966797,19.753610610961914,3.736825466156006,0.9300685044545298,0.5778094530105591,0.0,0.05887065827846527
000470,000470,3_var_match/000470,6,16.63504409790039,16.814260482788086,2.8908042907714844,0.6807394783989432,0.7055544853210449,41.66667175292969,0.03427001088857651
000471,000471,3_var_match/000471,5,13.333671569824219,14.05558967590332,2.3125462532043457,0.6501656194790504,0.9867483377456665,25.0000057220459,0.24096651375293732
000472,000472,3_var_match/000472,4,12.12796401977539,12.491028785705566,3.4081597328186035,0.8431493029804137,0.7161355018615723,0.0,0.2218504399061203
000473,000473,3_var_match/000473,3,16.285459518432617,16.383468627929688,3.447617530822754,0.9137777920030183,0.7422078847885132,0.0,0.1470392346382141
000474,000474,3_var_match/000474,7,10.972167015075684,11.634251594543457,3.3162553310394287,0.894662858816656,0.6867042779922485,11.904763221740723,0.06082822009921074
000475,000475,3_var_match/000475,8,13.190140724182129,13.689326286315918,3.873178720474243,0.925967419298365,0.6239668726921082,0.0,0.04335973411798477
000476,000476,3_var_match/000476,2,13.006062507629395,13.387960433959961,3.199624538421631,0.908072740498937,0.4409245252609253,0.0,0.06620211154222488
000477,000477,3_var_match/000477,8,13.14306640625,14.268949508666992,3.454242706298828,0.7858417895032301,0.5001841187477112,0.0,0.11252656579017639
000478,000478,3_var_match/000478,8,9.607049942016602,9.901413917541504,3.7356226444244385,0.9614761800518596,0.6919200420379639,0.0,0.5340410470962524
000479,000479,3_var_match/000479,5,17.443302154541016,17.443130493164062,3.6172478199005127,0.9054716008941268,0.5650361180305481,0.0,0.15251144766807556
000480,000480,3_var_match/000480,7,9.130338668823242,9.85136604309082,2.9303886890411377,0.8472736995288125,0.93594890832901,23.809526443481445,0.11396921426057816
000481,000481,3_var_match/000481,5,17.70738410949707,17.79376983642578,3.615841865539551,0.8545960301303511,0.792395293712616,50.000003814697266,0.05488765984773636
000482,000482,3_var_match/000482,3,2.0198230743408203,5.2339019775390625,1.6658217906951904,0.4721993867175057,0.9260498285293579,41.66667175292969,0.24623778462409973
000483,000483,3_var_match/000483,3,13.09998893737793,13.603036880493164,3.574094772338867,0.8936900251238482,0.49439066648483276,41.66667175292969,0.10410086810588837
000484,000484,3_var_match/000484,3,16.466564178466797,16.870941162109375,3.0283024311065674,0.8700478999140957,0.47229206562042236,0.0,0.053903695195913315
000485,000485,3_var_match/000485,4,10.394713401794434,11.111291885375977,2.603519916534424,0.8526820869078917,0.7541872262954712,0.0,0.04719404876232147
000486,000486,3_var_match/000486,3,10.805158615112305,11.129878044128418,3.1950130462646484,0.8978274410384417,0.6190444827079773,0.0,0.10891961306333542
000487,000487,3_var_match/000487,4,11.743998527526855,12.062586784362793,3.3424575328826904,0.922861607198749,0.8138808012008667,0.0,0.06678494811058044
000488,000488,3_var_match/000488,6,13.059698104858398,14.263639450073242,2.9097635746002197,0.888609980441725,0.9458630084991455,0.0,0.08373447507619858
000489,000489,3_var_match/000489,7,7.830080509185791,8.309494972229004,3.1171276569366455,0.8055320400023085,0.8547916412353516,5.952381610870361,0.1221582368016243
000490,000490,3_var_match/000490,6,18.79690170288086,18.7993106842041,3.7885262966156006,0.9564624799013375,0.5521354079246521,0.0,0.02653147652745247
000491,000491,3_var_match/000491,8,14.620430946350098,14.546364784240723,3.3777637481689453,0.9693349987648081,0.634071946144104,8.928570747375488,0.12444879859685898
000492,000492,3_var_match/000492,4,19.31118392944336,19.53339385986328,3.3899850845336914,0.891674607266761,0.5837019085884094,0.0,0.03711742162704468
000493,000493,3_var_match/000493,8,11.164985656738281,11.648202896118164,3.256085157394409,0.8750181425389784,0.9356022477149963,4.4642863273620605,0.11047624051570892
000494,000494,3_var_match/000494,2,4.666367530822754,8.652830123901367,1.7356762886047363,0.5598727545949322,0.8315526247024536,0.0,0.10932173579931259
000495,000495,3_var_match/000495,7,14.223987579345703,14.281424522399902,3.6900062561035156,0.9414156753127348,0.6245201826095581,0.0,0.24494192004203796
000496,000496,3_var_match/000496,2,11.729732513427734,11.962367057800293,3.7725043296813965,0.9453875742506145,0.42833366990089417,0.0,0.05483626574277878
000497,000497,3_var_match/000497,7,16.72220802307129,16.104806900024414,3.789400815963745,0.9762070575153822,0.5478605031967163,0.0,0.5416800379753113
000498,000498,3_var_match/000498,3,16.384563446044922,16.596586227416992,3.3919012546539307,0.8913969890211141,0.7606106996536255,0.0,0.04593802988529205
000499,000499,3_var_match/000499,2,9.404006004333496,10.17699146270752,2.6903083324432373,0.8516130771031342,0.761055052280426,0.0,0.0022716224193573
