model,offset_deg,si_snri_db,output_label_doa_drift_deg,delta_si_snri_vs_0_db,delta_doa_drift_vs_0_deg,n_scenes,n_valid_doa,checkpoint
Waveformer-M2M,-15.0,1.385434240758419,9.462085637335068,-0.18218355356156835,3.46046500075526,500,500,98.pt
Waveformer-M2M,-10.0,1.4819107240829617,7.83698766227635,-0.08570707023702573,1.8353670256965415,500,500,98.pt
Waveformer-M2M,-5.0,1.5462716447860003,6.5089353773478456,-0.021346149533987058,0.5073147407680372,500,500,98.pt
Waveformer-M2M,0.0,1.5676177943199874,6.001620636579808,0.0,0.0,500,500,98.pt
Waveformer-M2M,5.0,1.5520789350569248,6.393363247435469,-0.015538859263062532,0.391742610855661,500,500,98.pt
Waveformer-M2M,10.0,1.5062790701836348,7.717562473667439,-0.06133872413635255,1.7159418370876303,500,500,98.pt
Waveformer-M2M,15.0,1.4204449092000724,9.421377680969652,-0.147172885119915,3.4197570443898435,500,500,98.pt
DeFTAN-II,-15.0,0.6178679205179215,9.962822130359312,-9.063690396428107,4.361202191846564,500,500,100.pt
DeFTAN-II,-10.0,4.165035925418138,7.676687095402079,-5.516522391527891,2.0750671568893315,500,500,100.pt
DeFTAN-II,-5.0,7.903585209965706,6.018939883979827,-1.7779731069803235,0.41731994546707885,500,500,100.pt
DeFTAN-II,0.0,9.68155831694603,5.601619938512748,0.0,0.0,500,500,100.pt
DeFTAN-II,5.0,7.880702301263809,6.215267041241629,-1.8008560156822204,0.6136471027288808,500,500,100.pt
DeFTAN-II,10.0,3.8928745622634886,8.257720957773802,-5.788683754682541,2.6561010192610546,500,500,100.pt
DeFTAN-II,15.0,0.1763514014482498,10.576002789407074,-9.50520691549778,4.974382850894326,500,500,100.pt
M2M-TSE-DOA,-15.0,0.1991682323217392,8.999695861712524,-10.53081813633442,5.400482785980291,500,500,97.pt
M2M-TSE-DOA,-10.0,4.580184236824513,6.268255452719847,-6.149802131831645,2.669042376987614,500,500,97.pt
M2M-TSE-DOA,-5.0,9.171594801545144,4.276335902036007,-1.5583915671110145,0.6771228263037741,500,500,97.pt
M2M-TSE-DOA,0.0,10.729986368656158,3.599213075732233,0.0,0.0,500,500,97.pt
M2M-TSE-DOA,5.0,9.381791293025016,4.450491127113734,-1.3481950756311427,0.851278051381501,500,500,97.pt
M2M-TSE-DOA,10.0,4.912221616506576,6.83591415039474,-5.817764752149582,3.236701074662507,500,500,97.pt
M2M-TSE-DOA,15.0,0.3401486902236939,9.237134767218112,-10.389837678432464,5.637921691485879,500,500,97.pt
SoundCompass,-15.0,-0.1920489355325698,11.026811223673702,-11.846317693829539,7.8258623836809615,500,500,96.pt
SoundCompass,-10.0,4.049632158160209,7.553416963128104,-7.604636600136759,4.352468123135363,500,500,96.pt
SoundCompass,-5.0,9.35718869549036,3.994612036330815,-2.297080062806609,0.7936631963380738,500,500,96.pt
SoundCompass,0.0,11.654268758296968,3.200948839992741,0.0,0.0,500,500,96.pt
SoundCompass,5.0,9.625754278302193,3.7912803496038494,-2.028514479994776,0.5903315096111084,500,500,96.pt
SoundCompass,10.0,4.2784236019849775,7.32647262756793,-7.375845156311991,4.1255237875751885,500,500,96.pt
SoundCompass,15.0,0.3548329901695251,11.666898643539774,-11.299435768127443,8.465949803547034,500,500,96.pt
PACT (fixed-4 training),-15.0,0.9434451831579208,7.061697666267441,-12.29494166100025,4.992097949318326,500,500,97.pt
PACT (fixed-4 training),-10.0,6.137059590250254,4.258966344091873,-7.101327253907917,2.1893666271427583,500,500,97.pt
PACT (fixed-4 training),-5.0,11.42029267193377,2.5182640799937497,-1.8180941722244004,0.44866436304463475,500,500,97.pt
PACT (fixed-4 training),0.0,13.238386844158171,2.069599716949115,0.0,0.0,500,500,97.pt
PACT (fixed-4 training),5.0,11.425024325966834,2.4963843948423974,-1.8133625181913366,0.42678467789328245,500,500,97.pt
PACT (fixed-4 training),10.0,6.79948630464077,4.222912043723218,-6.438900539517401,2.153312326774103,500,500,97.pt
PACT (fixed-4 training),15.0,1.614218802690506,7.222898654648908,-11.624168041467666,5.153298937699793,500,500,97.pt
PACT (variable-array training),-15.0,4.374352051734924,5.059240694081861,-8.52400661444664,2.893168828024925,500,500,85.pt
PACT (variable-array training),-10.0,8.885287327289582,3.2223694946770647,-4.013071338891981,1.0562976286201282,500,500,85.pt
PACT (variable-array training),-5.0,12.144251867771148,2.310847936297144,-0.7541067984104153,0.14477607024020767,500,500,85.pt
PACT (variable-array training),0.0,12.898358666181563,2.1660718660569365,0.0,0.0,500,500,85.pt
PACT (variable-array training),5.0,12.004164100646973,2.334028307302752,-0.8941945655345904,0.16795644124581566,500,500,85.pt
PACT (variable-array training),10.0,9.353361438512804,3.0710650809277595,-3.544997227668759,0.9049932148708231,500,500,85.pt
PACT (variable-array training),15.0,5.025436349630356,4.714337649819805,-7.8729223165512074,2.548265783762868,500,500,85.pt
