subset,model,checkpoint,n_scenes,reference_scale_invariant_signal_noise_ratio_i,reference_signal_noise_ratio_i,pesq_nb,stoi,delta_IPD_mean,delta_ITD_gccphat_mean,delta_ILD_mean,doa_drift_deg,pres_at_5_percent
3_var_match,independent_full,84.pt,500,11.309898729085923,12.190819986462593,2.8878239176273346,0.830590339552254,0.7281588189005852,8.953572106361388,0.1823384027555585,3.3343831032888174,84.6
3_var_match,pact_pcm,99.pt,500,11.03100712454319,11.980823349177838,2.8846166639328,0.8213073616632866,0.8008823689222336,14.420834557533265,0.1867476513646543,9.807450763364134,56.99999999999999
3_var_match,pact_ipd,89.pt,500,13.793151203989982,14.399586661696434,3.2950623178482057,0.8791854905895291,0.6364983133971691,9.113095991134644,0.16557099675480277,3.8634950165364295,84.2
3_var_match,pact_coherence,99.pt,500,13.134442544460297,13.810361239671707,3.2029245471954346,0.8648361838006665,0.6786120830774307,8.550000720977783,0.1493264477495104,2.9648050054689583,87.4
3_var_match,pact_full,85.pt,500,14.232910522460937,14.813709905624389,3.411479187965393,0.8910467241829245,0.6146104154586792,6.000000513076782,0.16504641917720436,2.870565767589259,90.4
4_var_unmatch,independent_full,84.pt,500,10.979502771139146,11.97894289547205,2.8153062098026274,0.817680599194548,0.7848711510300637,14.819644001007081,0.23308747796341778,4.96978231807245,78.0
4_var_unmatch,pact_pcm,99.pt,500,10.734050776958465,11.912087734460831,2.8527491900920867,0.808862899685506,0.8413886798024177,19.03809662246704,0.2422571263834834,10.223623571827385,68.0
4_var_unmatch,pact_ipd,89.pt,500,13.553994264364242,14.423092722177506,3.281277212381363,0.8677422495943439,0.683398555457592,15.653572492599487,0.21669610764086247,4.643338381956849,83.8
4_var_unmatch,pact_coherence,99.pt,500,12.716452025413513,13.736449719429016,3.171952332735062,0.8490358074892363,0.7219672898054122,14.922620107650756,0.20971289950609207,3.3562141328899115,87.4
4_var_unmatch,pact_full,85.pt,500,13.801351871728897,14.809133584439754,3.3784827773571013,0.875898409248266,0.6578221466839314,12.48214377117157,0.21822664998658,4.158670499453932,85.2
